yil,film,wikipedia,afis_dosya,afis_url
1929,Wings,https://en.wikipedia.org/wiki/Wings_%281927_film%29,1929_Wings.jpg,https://upload.wikimedia.org/wikipedia/commons/b/b3/Wings_%281927%29_poster.jpg?utm_source=en.wikipedia.org&utm_campaign=imageinfo&utm_content=original
1930,The Broadway Melody,https://en.wikipedia.org/wiki/The_Broadway_Melody,1930_The_Broadway_Melody.jpg,https://upload.wikimedia.org/wikipedia/commons/f/f0/Broadway_Melody_poster.jpg?utm_source=en.wikipedia.org&utm_campaign=imageinfo&utm_content=original
1930,All Quiet on the Western Front,https://en.wikipedia.org/wiki/All_Quiet_on_the_Western_Front_%281930_film%29,1930_All_Quiet_on_the_Western_Front.jpg,https://upload.wikimedia.org/wikipedia/commons/6/6c/All_Quiet_on_the_Western_Front_%281930_film%29_poster.jpg?utm_source=en.wikipedia.org&utm_campaign=imageinfo&utm_content=original
1931,Cimarron,https://en.wikipedia.org/wiki/Cimarron_%281931_film%29,1931_Cimarron.jpg,https://upload.wikimedia.org/wikipedia/en/9/9e/Cimarron_%281931_film%29_poster.jpg?utm_source=en.wikipedia.org&utm_campaign=imageinfo&utm_content=original
1932,Grand Hotel,https://en.wikipedia.org/wiki/Grand_Hotel_%281932_film%29,1932_Grand_Hotel.jpg,https://upload.wikimedia.org/wikipedia/commons/d/d6/GrandHotelFilmPoster.jpg?utm_source=en.wikipedia.org&utm_campaign=imageinfo&utm_content=original
1934,Cavalcade,https://en.wikipedia.org/wiki/Cavalcade_%281933_film%29,1934_Cavalcade.jpg,https://upload.wikimedia.org/wikipedia/en/3/3f/Cavalcade_film_poster.jpg?utm_source=en.wikipedia.org&utm_campaign=imageinfo&utm_content=original
1935,It Happened One Night,https://en.wikipedia.org/wiki/It_Happened_One_Night,1935_It_Happened_One_Night.jpg,https://upload.wikimedia.org/wikipedia/commons/d/dc/It-happened-one-night-poster.jpg?utm_source=en.wikipedia.org&utm_campaign=imageinfo&utm_content=original
1936,Mutiny on the Bounty,https://en.wikipedia.org/wiki/Mutiny_on_the_Bounty_%281935_film%29,1936_Mutiny_on_the_Bounty.jpg,https://upload.wikimedia.org/wikipedia/commons/b/b8/Mutiny_on_the_Bounty_poster.jpg?utm_source=en.wikipedia.org&utm_campaign=imageinfo&utm_content=original
1937,The Great Ziegfeld,https://en.wikipedia.org/wiki/The_Great_Ziegfeld,1937_The_Great_Ziegfeld.jpg,https://upload.wikimedia.org/wikipedia/commons/a/a7/Great-Ziegfeld-1936-Poster.jpg?utm_source=en.wikipedia.org&utm_campaign=imageinfo&utm_content=original
1938,The Life of Emile Zola,https://en.wikipedia.org/wiki/The_Life_of_Emile_Zola,1938_The_Life_of_Emile_Zola.jpg,https://upload.wikimedia.org/wikipedia/commons/7/7c/The_Life_of_Emile_Zola_%281937_film_poster%29.jpg?utm_source=en.wikipedia.org&utm_campaign=imageinfo&utm_content=original
1939,You Can't Take It With You,https://en.wikipedia.org/wiki/You_Can%27t_Take_It_with_You_%28film%29,1939_You_Cant_Take_It_With_You.jpg,https://upload.wikimedia.org/wikipedia/commons/d/d1/You_Can%27t_Take_it_With_You_film_poster.jpg?utm_source=en.wikipedia.org&utm_campaign=imageinfo&utm_content=original
1940,Gone with the Wind,https://en.wikipedia.org/wiki/Gone_with_the_Wind_%28film%29,1940_Gone_with_the_Wind.jpg,https://upload.wikimedia.org/wikipedia/commons/2/27/Poster_-_Gone_With_the_Wind_01.jpg?utm_source=en.wikipedia.org&utm_campaign=imageinfo&utm_content=original
1941,Rebecca,https://en.wikipedia.org/wiki/Rebecca_%281940_film%29,1941_Rebecca.jpeg,https://upload.wikimedia.org/wikipedia/commons/a/ad/Rebecca_%281939_poster%29.jpeg?utm_source=en.wikipedia.org&utm_campaign=imageinfo&utm_content=original
1942,How Green Was My Valley,https://en.wikipedia.org/wiki/How_Green_Was_My_Valley_%28film%29,1942_How_Green_Was_My_Valley.jpg,https://upload.wikimedia.org/wikipedia/commons/9/99/How_Green_Was_My_Valley_%281941_poster_-_Style_A%29.jpg?utm_source=en.wikipedia.org&utm_campaign=imageinfo&utm_content=original
1943,Mrs. Miniver,https://en.wikipedia.org/wiki/Mrs._Miniver,1943_Mrs_Miniver.jpg,https://upload.wikimedia.org/wikipedia/commons/4/47/Mrs._Miniver_%281942_poster_-_Style_C%29.jpg?utm_source=en.wikipedia.org&utm_campaign=imageinfo&utm_content=original
1944,Casablanca,https://en.wikipedia.org/wiki/Casablanca_%28film%29,1944_Casablanca.jpg,https://upload.wikimedia.org/wikipedia/commons/b/b3/CasablancaPoster-Gold.jpg?utm_source=en.wikipedia.org&utm_campaign=imageinfo&utm_content=original
1945,Going My Way,https://en.wikipedia.org/wiki/Going_My_Way,1945_Going_My_Way.jpg,https://upload.wikimedia.org/wikipedia/commons/d/df/Going_My_Way_%281944_poster%29.jpg?utm_source=en.wikipedia.org&utm_campaign=imageinfo&utm_content=original
1946,The Lost Weekend,https://en.wikipedia.org/wiki/The_Lost_Weekend,1946_The_Lost_Weekend.jpg,https://upload.wikimedia.org/wikipedia/commons/2/2d/The_Lost_Weekend_%281945_film%29.jpg?utm_source=en.wikipedia.org&utm_campaign=imageinfo&utm_content=original
1947,The Best Years of Our Lives,https://en.wikipedia.org/wiki/The_Best_Years_of_Our_Lives,1947_The_Best_Years_of_Our_Lives.jpg,https://upload.wikimedia.org/wikipedia/commons/7/7d/The_Best_Years_of_Our_Lives_%281946_poster%29.jpg?utm_source=en.wikipedia.org&utm_campaign=imageinfo&utm_content=original
1948,Gentleman's Agreement,https://en.wikipedia.org/wiki/Gentleman%27s_Agreement,1948_Gentlemans_Agreement.jpg,https://upload.wikimedia.org/wikipedia/commons/c/c3/Gentleman%27s_Agreement_%281947_poster%29.jpg?utm_source=en.wikipedia.org&utm_campaign=imageinfo&utm_content=original
1949,Hamlet,https://en.wikipedia.org/wiki/Hamlet_%281948_film%29,1949_Hamlet.jpg,https://upload.wikimedia.org/wikipedia/en/d/d3/Amleto48-01.jpg?utm_source=en.wikipedia.org&utm_campaign=imageinfo&utm_content=original
1950,All the King's Men,https://en.wikipedia.org/wiki/All_the_King%27s_Men_%281949_film%29,1950_All_the_Kings_Men.jpg,https://upload.wikimedia.org/wikipedia/commons/a/a1/All_the_King%27s_Men_%281949_film_poster%29.jpg?utm_source=en.wikipedia.org&utm_campaign=imageinfo&utm_content=original
1951,All About Eve,https://en.wikipedia.org/wiki/All_About_Eve,1951_All_About_Eve.jpg,https://upload.wikimedia.org/wikipedia/commons/a/a7/All_About_Eve_%281950_poster_-_retouch%29.jpg?utm_source=en.wikipedia.org&utm_campaign=imageinfo&utm_content=original
1952,An American in Paris,https://en.wikipedia.org/wiki/An_American_in_Paris_%28film%29,1952_An_American_in_Paris.jpg,https://upload.wikimedia.org/wikipedia/commons/8/8d/An_American_in_Paris_%281951_film_poster%29.jpg?utm_source=en.wikipedia.org&utm_campaign=imageinfo&utm_content=original
1953,The Greatest Show on Earth,https://en.wikipedia.org/wiki/The_Greatest_Show_on_Earth_%28film%29,1953_The_Greatest_Show_on_Earth.jpg,https://upload.wikimedia.org/wikipedia/commons/7/7f/Cecil_B._DeMille%27s_Greatest_%21_The_Greatest_Show_on_Earth%2C_1952.jpg?utm_source=en.wikipedia.org&utm_campaign=imageinfo&utm_content=original
1954,From Here to Eternity,https://en.wikipedia.org/wiki/From_Here_to_Eternity,1954_From_Here_to_Eternity.jpg,https://upload.wikimedia.org/wikipedia/commons/5/53/From_Here_to_Eternity_%281953_poster%29.jpg?utm_source=en.wikipedia.org&utm_campaign=imageinfo&utm_content=original
1955,On the Waterfront,https://en.wikipedia.org/wiki/On_the_Waterfront,1955_On_the_Waterfront.jpg,https://upload.wikimedia.org/wikipedia/commons/e/ee/On_the_Waterfront_%281954_poster%29.jpg?utm_source=en.wikipedia.org&utm_campaign=imageinfo&utm_content=original
1956,Marty,https://en.wikipedia.org/wiki/Marty_%28film%29,1956_Marty.jpg,https://upload.wikimedia.org/wikipedia/commons/b/b7/Marty_%281955_film_poster%29.jpg?utm_source=en.wikipedia.org&utm_campaign=imageinfo&utm_content=original
1957,Around the World in 80 Days,https://en.wikipedia.org/wiki/Around_the_World_in_80_Days_%281956_film%29,1957_Around_the_World_in_80_Days.jpg,https://upload.wikimedia.org/wikipedia/en/5/5e/Around_the_World_in_80_Days_%281956_film%29_poster.jpg?utm_source=en.wikipedia.org&utm_campaign=imageinfo&utm_content=original
1958,The Bridge on the River Kwai,https://en.wikipedia.org/wiki/The_Bridge_on_the_River_Kwai,1958_The_Bridge_on_the_River_Kwai.jpg,https://upload.wikimedia.org/wikipedia/commons/d/d9/The_Bridge_on_the_River_Kwai_%281958_US_poster_-_Style_A%29.jpg?utm_source=en.wikipedia.org&utm_campaign=imageinfo&utm_content=original
1959,Gigi,https://en.wikipedia.org/wiki/Gigi_%281958_film%29,1959_Gigi.jpg,https://upload.wikimedia.org/wikipedia/commons/5/5f/Gigi_%281958_poster%29.jpg?utm_source=en.wikipedia.org&utm_campaign=imageinfo&utm_content=original
1960,Ben-Hur,https://en.wikipedia.org/wiki/Ben-Hur_%281959_film%29,1960_Ben-Hur.jpg,https://upload.wikimedia.org/wikipedia/commons/2/27/Ben_Hur_1959_film_Poster.jpg?utm_source=en.wikipedia.org&utm_campaign=imageinfo&utm_content=original
1961,The Apartment,https://en.wikipedia.org/wiki/The_Apartment,1961_The_Apartment.jpg,https://upload.wikimedia.org/wikipedia/commons/8/8b/The_Apartment_%281960_poster%29.jpg?utm_source=en.wikipedia.org&utm_campaign=imageinfo&utm_content=original
1962,West Side Story,https://en.wikipedia.org/wiki/West_Side_Story_%281961_film%29,1962_West_Side_Story.jpg,https://upload.wikimedia.org/wikipedia/commons/0/0b/West_Side_Story_1961_film_poster.jpg?utm_source=en.wikipedia.org&utm_campaign=imageinfo&utm_content=original
1963,Lawrence of Arabia,https://en.wikipedia.org/wiki/Lawrence_of_Arabia_%28film%29,1963_Lawrence_of_Arabia.jpg,https://upload.wikimedia.org/wikipedia/commons/c/c5/Lawrence_of_arabia_ver3_xxlg.jpg?utm_source=en.wikipedia.org&utm_campaign=imageinfo&utm_content=original
1964,Tom Jones,https://en.wikipedia.org/wiki/Tom_Jones_%281963_film%29,1964_Tom_Jones.jpg,https://upload.wikimedia.org/wikipedia/en/c/ca/Poster_-_Tom_Jones_01.jpg?utm_source=en.wikipedia.org&utm_campaign=imageinfo&utm_content=original
1965,My Fair Lady,https://en.wikipedia.org/wiki/My_Fair_Lady_%28film%29,1965_My_Fair_Lady.jpg,https://upload.wikimedia.org/wikipedia/en/d/d5/My_fair_lady_poster.jpg?utm_source=en.wikipedia.org&utm_campaign=imageinfo&utm_content=original
1966,The Sound of Music,https://en.wikipedia.org/wiki/The_Sound_of_Music_%28film%29,1966_The_Sound_of_Music.jpg,https://upload.wikimedia.org/wikipedia/commons/c/c6/Sound_of_music.jpg?utm_source=en.wikipedia.org&utm_campaign=imageinfo&utm_content=original
1967,A Man for All Seasons,https://en.wikipedia.org/wiki/A_Man_for_All_Seasons_%281966_film%29,1967_A_Man_for_All_Seasons.gif,https://upload.wikimedia.org/wikipedia/en/c/cb/A_Man_for_All_Seasons_%281966_movie_poster%29.gif?utm_source=en.wikipedia.org&utm_campaign=imageinfo&utm_content=original
1968,In the Heat of the Night,https://en.wikipedia.org/wiki/In_the_Heat_of_the_Night_%28film%29,1968_In_the_Heat_of_the_Night.jpg,https://upload.wikimedia.org/wikipedia/en/d/d5/In_the_Heat_of_the_Night_%28film%29.jpg?utm_source=en.wikipedia.org&utm_campaign=imageinfo&utm_content=original
1969,Oliver!,https://en.wikipedia.org/wiki/Oliver%21_%28film%29,1969_Oliver.jpg,https://upload.wikimedia.org/wikipedia/en/d/d9/Oliver%21_%281968_movie_poster%29.jpg?utm_source=en.wikipedia.org&utm_campaign=imageinfo&utm_content=original
1970,Midnight Cowboy,https://en.wikipedia.org/wiki/Midnight_Cowboy,1970_Midnight_Cowboy.jpg,https://upload.wikimedia.org/wikipedia/en/f/f2/Midnight_Cowboy-poster.jpg?utm_source=en.wikipedia.org&utm_campaign=imageinfo&utm_content=original
1971,Patton,https://en.wikipedia.org/wiki/Patton_%28film%29,1971_Patton.jpg,https://upload.wikimedia.org/wikipedia/en/f/f2/70_patton.jpg?utm_source=en.wikipedia.org&utm_campaign=imageinfo&utm_content=original
1972,The French Connection,https://en.wikipedia.org/wiki/The_French_Connection_%28film%29,1972_The_French_Connection.jpg,https://upload.wikimedia.org/wikipedia/en/b/b8/TheFrenchConnection.jpg?utm_source=en.wikipedia.org&utm_campaign=imageinfo&utm_content=original
1973,The Godfather,https://en.wikipedia.org/wiki/The_Godfather,1973_The_Godfather.jpg,https://upload.wikimedia.org/wikipedia/en/1/1c/Godfather_ver1.jpg?utm_source=en.wikipedia.org&utm_campaign=imageinfo&utm_content=original
1974,The Sting,https://en.wikipedia.org/wiki/The_Sting,1974_The_Sting.jpeg,https://upload.wikimedia.org/wikipedia/commons/a/aa/The_Sting_%281973_alt_poster%29.jpeg?utm_source=en.wikipedia.org&utm_campaign=imageinfo&utm_content=original
1975,The Godfather Part II,https://en.wikipedia.org/wiki/The_Godfather_Part_II,1975_The_Godfather_Part_II.jpg,https://upload.wikimedia.org/wikipedia/en/0/03/Godfather_part_ii.jpg?utm_source=en.wikipedia.org&utm_campaign=imageinfo&utm_content=original
1976,One Flew Over the Cuckoo's Nest,https://en.wikipedia.org/wiki/One_Flew_Over_the_Cuckoo%27s_Nest_%28film%29,1976_One_Flew_Over_the_Cuckoos_Nest.jpg,https://upload.wikimedia.org/wikipedia/en/2/26/One_Flew_Over_the_Cuckoo%27s_Nest_poster.jpg?utm_source=en.wikipedia.org&utm_campaign=imageinfo&utm_content=original
1977,Rocky,https://en.wikipedia.org/wiki/Rocky,1977_Rocky.jpg,https://upload.wikimedia.org/wikipedia/en/1/18/Rocky_poster.jpg?utm_source=en.wikipedia.org&utm_campaign=imageinfo&utm_content=original
1978,Annie Hall,https://en.wikipedia.org/wiki/Annie_Hall,1978_Annie_Hall.jpg,https://upload.wikimedia.org/wikipedia/en/e/e6/Anniehallposter.jpg?utm_source=en.wikipedia.org&utm_campaign=imageinfo&utm_content=original
1979,The Deer Hunter,https://en.wikipedia.org/wiki/The_Deer_Hunter,1979_The_Deer_Hunter.jpg,https://upload.wikimedia.org/wikipedia/en/5/57/The_Deer_Hunter_poster.jpg?utm_source=en.wikipedia.org&utm_campaign=imageinfo&utm_content=original
1980,Kramer vs. Kramer,https://en.wikipedia.org/wiki/Kramer_vs._Kramer,1980_Kramer_vs_Kramer.jpg,https://upload.wikimedia.org/wikipedia/en/b/b0/Oscar_posters_79.jpg?utm_source=en.wikipedia.org&utm_campaign=imageinfo&utm_content=original
1981,Ordinary People,https://en.wikipedia.org/wiki/Ordinary_People,1981_Ordinary_People.jpg,https://upload.wikimedia.org/wikipedia/en/8/88/OrdinaryPeople.jpg?utm_source=en.wikipedia.org&utm_campaign=imageinfo&utm_content=original
1982,Chariots of Fire,https://en.wikipedia.org/wiki/Chariots_of_Fire,1982_Chariots_of_Fire.jpg,https://upload.wikimedia.org/wikipedia/en/b/b5/Chariots_of_fire.jpg?utm_source=en.wikipedia.org&utm_campaign=imageinfo&utm_content=original
1983,Gandhi,https://en.wikipedia.org/wiki/Gandhi_%28film%29,1983_Gandhi.png,https://upload.wikimedia.org/wikipedia/en/1/10/Gandhi-poster.png?utm_source=en.wikipedia.org&utm_campaign=imageinfo&utm_content=original
1984,Terms of Endearment,https://en.wikipedia.org/wiki/Terms_of_Endearment,1984_Terms_of_Endearment.png,https://upload.wikimedia.org/wikipedia/en/e/e9/Terms_of_endearment.png?utm_source=en.wikipedia.org&utm_campaign=imageinfo&utm_content=original
1985,Amadeus,https://en.wikipedia.org/wiki/Amadeus_%28film%29,1985_Amadeus.jpg,https://upload.wikimedia.org/wikipedia/en/2/2f/Amadeusmov.jpg?utm_source=en.wikipedia.org&utm_campaign=imageinfo&utm_content=original
1986,Out of Africa,https://en.wikipedia.org/wiki/Out_of_Africa_%28film%29,1986_Out_of_Africa.jpg,https://upload.wikimedia.org/wikipedia/en/d/d8/Out_of_Africa_%281985%29.jpg?utm_source=en.wikipedia.org&utm_campaign=imageinfo&utm_content=original
1987,Platoon,https://en.wikipedia.org/wiki/Platoon_%28film%29,1987_Platoon.jpg,https://upload.wikimedia.org/wikipedia/en/a/a9/Platoon_posters_86.jpg?utm_source=en.wikipedia.org&utm_campaign=imageinfo&utm_content=original
1988,The Last Emperor,https://en.wikipedia.org/wiki/The_Last_Emperor,1988_The_Last_Emperor.jpg,https://upload.wikimedia.org/wikipedia/en/e/e5/The_Last_Emperor_filmposter.jpg?utm_source=en.wikipedia.org&utm_campaign=imageinfo&utm_content=original
1989,Rain Man,https://en.wikipedia.org/wiki/Rain_Man,1989_Rain_Man.jpg,https://upload.wikimedia.org/wikipedia/en/b/b2/Rain_Man_poster.jpg?utm_source=en.wikipedia.org&utm_campaign=imageinfo&utm_content=original
1990,Driving Miss Daisy,https://en.wikipedia.org/wiki/Driving_Miss_Daisy,1990_Driving_Miss_Daisy.jpg,https://upload.wikimedia.org/wikipedia/en/a/a5/Driving_Miss_Daisy_.jpg?utm_source=en.wikipedia.org&utm_campaign=imageinfo&utm_content=original
1991,Dances with Wolves,https://en.wikipedia.org/wiki/Dances_With_Wolves,1991_Dances_with_Wolves.jpg,https://upload.wikimedia.org/wikipedia/en/8/82/Dances_with_Wolves_poster.jpg?utm_source=en.wikipedia.org&utm_campaign=imageinfo&utm_content=original
1992,The Silence of the Lambs,https://en.wikipedia.org/wiki/The_Silence_of_the_Lambs_%28film%29,1992_The_Silence_of_the_Lambs.jpg,https://upload.wikimedia.org/wikipedia/en/8/86/The_Silence_of_the_Lambs_poster.jpg?utm_source=en.wikipedia.org&utm_campaign=imageinfo&utm_content=original
1993,Unforgiven,https://en.wikipedia.org/wiki/Unforgiven,1993_Unforgiven.jpg,https://upload.wikimedia.org/wikipedia/en/4/4e/Unforgiven_2.jpg?utm_source=en.wikipedia.org&utm_campaign=imageinfo&utm_content=original
1994,Schindler's List,https://en.wikipedia.org/wiki/Schindler%27s_List,1994_Schindlers_List.jpg,https://upload.wikimedia.org/wikipedia/en/3/38/Schindler%27s_List_movie.jpg?utm_source=en.wikipedia.org&utm_campaign=imageinfo&utm_content=original
1995,Q134773,https://en.wikipedia.org/wiki/Forrest_Gump,1995_Q134773.jpg,https://upload.wikimedia.org/wikipedia/en/6/67/Forrest_Gump_poster.jpg?utm_source=en.wikipedia.org&utm_campaign=imageinfo&utm_content=original
1996,Braveheart,https://en.wikipedia.org/wiki/Braveheart,1996_Braveheart.png,https://upload.wikimedia.org/wikipedia/en/e/e1/Braveheart_film_poster.png?utm_source=en.wikipedia.org&utm_campaign=imageinfo&utm_content=original
1997,The English Patient,https://en.wikipedia.org/wiki/The_English_Patient_%28film%29,1997_The_English_Patient.jpg,https://upload.wikimedia.org/wikipedia/en/b/bd/The_English_Patient_Poster.jpg?utm_source=en.wikipedia.org&utm_campaign=imageinfo&utm_content=original
1998,Titanic,https://en.wikipedia.org/wiki/Titanic_%281997_film%29,1998_Titanic.png,https://upload.wikimedia.org/wikipedia/en/1/18/Titanic_%281997_film%29_poster.png?utm_source=en.wikipedia.org&utm_campaign=imageinfo&utm_content=original
1999,Shakespeare in Love,https://en.wikipedia.org/wiki/Shakespeare_in_Love,1999_Shakespeare_in_Love.jpg,https://upload.wikimedia.org/wikipedia/en/e/e8/Shakespeare_in_Love_1998_Poster.jpg?utm_source=en.wikipedia.org&utm_campaign=imageinfo&utm_content=original
2000,American Beauty,https://en.wikipedia.org/wiki/American_Beauty_%281999_film%29,2000_American_Beauty.jpg,https://upload.wikimedia.org/wikipedia/en/9/9a/American_Beauty_1999_film_poster.jpg?utm_source=en.wikipedia.org&utm_campaign=imageinfo&utm_content=original
2001,Gladiator,https://en.wikipedia.org/wiki/Gladiator_%282000_film%29,2001_Gladiator.png,https://upload.wikimedia.org/wikipedia/en/f/fb/Gladiator_%282000_film_poster%29.png?utm_source=en.wikipedia.org&utm_campaign=imageinfo&utm_content=original
2002,A Beautiful Mind,https://en.wikipedia.org/wiki/A_Beautiful_Mind,2002_A_Beautiful_Mind.jpg,https://upload.wikimedia.org/wikipedia/en/b/b8/A_Beautiful_Mind_Poster.jpg?utm_source=en.wikipedia.org&utm_campaign=imageinfo&utm_content=original
2003,Chicago,https://en.wikipedia.org/wiki/Chicago_%282002_film%29,2003_Chicago.png,https://upload.wikimedia.org/wikipedia/en/f/f6/Chicago_%282002_film%29.png?utm_source=en.wikipedia.org&utm_campaign=imageinfo&utm_content=original
2004,The Lord of the Rings: The Return of the King,https://en.wikipedia.org/wiki/The_Lord_of_the_Rings%3A_The_Return_of_the_King,2004_The_Lord_of_the_Rings_The_Return_of_the_King.jpg,https://upload.wikimedia.org/wikipedia/en/4/48/Lord_Rings_Return_King.jpg?utm_source=en.wikipedia.org&utm_campaign=imageinfo&utm_content=original
2005,Million Dollar Baby,https://en.wikipedia.org/wiki/Million_Dollar_Baby,2005_Million_Dollar_Baby.jpg,https://upload.wikimedia.org/wikipedia/en/d/d3/Million_Dollar_Baby_poster.jpg?utm_source=en.wikipedia.org&utm_campaign=imageinfo&utm_content=original
2006,Crash,https://en.wikipedia.org/wiki/Crash_%282004_film%29,2006_Crash.jpg,https://upload.wikimedia.org/wikipedia/en/d/d0/Crash_ver2.jpg?utm_source=en.wikipedia.org&utm_campaign=imageinfo&utm_content=original
2007,The Departed,https://en.wikipedia.org/wiki/The_Departed,2007_The_Departed.jpg,https://upload.wikimedia.org/wikipedia/en/5/50/Departed234.jpg?utm_source=en.wikipedia.org&utm_campaign=imageinfo&utm_content=original
2008,No Country for Old Men,https://en.wikipedia.org/wiki/No_Country_for_Old_Men,2008_No_Country_for_Old_Men.jpg,https://upload.wikimedia.org/wikipedia/en/8/8b/No_Country_for_Old_Men_poster.jpg?utm_source=en.wikipedia.org&utm_campaign=imageinfo&utm_content=original
2009,Slumdog Millionaire,https://en.wikipedia.org/wiki/Slumdog_Millionaire,2009_Slumdog_Millionaire.png,https://upload.wikimedia.org/wikipedia/en/9/92/Slumdog_Millionaire_poster.png?utm_source=en.wikipedia.org&utm_campaign=imageinfo&utm_content=original
2010,The Hurt Locker,https://en.wikipedia.org/wiki/The_Hurt_Locker,2010_The_Hurt_Locker.jpg,https://upload.wikimedia.org/wikipedia/en/6/6c/HLposterUSA2.jpg?utm_source=en.wikipedia.org&utm_campaign=imageinfo&utm_content=original
2011,The King's Speech,https://en.wikipedia.org/wiki/The_King%27s_Speech,2011_The_Kings_Speech.jpg,https://upload.wikimedia.org/wikipedia/en/4/4a/The_King%27s_Speech_poster.jpg?utm_source=en.wikipedia.org&utm_campaign=imageinfo&utm_content=original
2012,The Artist,https://en.wikipedia.org/wiki/The_Artist_%28film%29,2012_The_Artist.jpg,https://upload.wikimedia.org/wikipedia/en/a/a4/The_Artist_Poster.jpg?utm_source=en.wikipedia.org&utm_campaign=imageinfo&utm_content=original
2013,Argo,https://en.wikipedia.org/wiki/Argo_%282012_film%29,2013_Argo.jpg,https://upload.wikimedia.org/wikipedia/en/e/e1/Argo2012Poster.jpg?utm_source=en.wikipedia.org&utm_campaign=imageinfo&utm_content=original
2014,12 Years a Slave,https://en.wikipedia.org/wiki/12_Years_a_Slave_%28film%29,2014_12_Years_a_Slave.jpg,https://upload.wikimedia.org/wikipedia/en/5/5c/12_Years_a_Slave_film_poster.jpg?utm_source=en.wikipedia.org&utm_campaign=imageinfo&utm_content=original
2015,Birdman,https://en.wikipedia.org/wiki/Birdman_%28film%29,2015_Birdman.png,https://upload.wikimedia.org/wikipedia/en/6/63/Birdman_poster.png?utm_source=en.wikipedia.org&utm_campaign=imageinfo&utm_content=original
2016,Spotlight,https://en.wikipedia.org/wiki/Spotlight_%28film%29,2016_Spotlight.jpg,https://upload.wikimedia.org/wikipedia/en/f/f3/Spotlight_%28film%29_poster.jpg?utm_source=en.wikipedia.org&utm_campaign=imageinfo&utm_content=original
2017,Moonlight,https://en.wikipedia.org/wiki/Moonlight_%282016_film%29,2017_Moonlight.png,https://upload.wikimedia.org/wikipedia/en/8/84/Moonlight_%282016_film%29.png?utm_source=en.wikipedia.org&utm_campaign=imageinfo&utm_content=original
2018,The Shape of Water,https://en.wikipedia.org/wiki/The_Shape_of_Water,2018_The_Shape_of_Water.png,https://upload.wikimedia.org/wikipedia/en/3/37/The_Shape_of_Water_%28film%29.png?utm_source=en.wikipedia.org&utm_campaign=imageinfo&utm_content=original
2019,Green Book,https://en.wikipedia.org/wiki/Green_Book_%28film%29,2019_Green_Book.png,https://upload.wikimedia.org/wikipedia/en/5/5b/Green_Book_%282018_poster%29.png?utm_source=en.wikipedia.org&utm_campaign=imageinfo&utm_content=original
2020,Parasite,https://en.wikipedia.org/wiki/Parasite_%282019_film%29,2020_Parasite.png,https://upload.wikimedia.org/wikipedia/en/5/53/Parasite_%282019_film%29.png?utm_source=en.wikipedia.org&utm_campaign=imageinfo&utm_content=original
2021,Nomadland,https://en.wikipedia.org/wiki/Nomadland,2021_Nomadland.jpeg,https://upload.wikimedia.org/wikipedia/en/a/a5/Nomadland_poster.jpeg?utm_source=en.wikipedia.org&utm_campaign=imageinfo&utm_content=original
2022,CODA,https://en.wikipedia.org/wiki/CODA_%282021_film%29,2022_CODA.jpeg,https://upload.wikimedia.org/wikipedia/en/8/89/Coda_poster.jpeg?utm_source=en.wikipedia.org&utm_campaign=imageinfo&utm_content=original
2023,Everything Everywhere All at Once,https://en.wikipedia.org/wiki/Everything_Everywhere_All_at_Once,2023_Everything_Everywhere_All_at_Once.jpg,https://upload.wikimedia.org/wikipedia/en/1/1e/Everything_Everywhere_All_at_Once.jpg?utm_source=en.wikipedia.org&utm_campaign=imageinfo&utm_content=original
2024,Oppenheimer,https://en.wikipedia.org/wiki/Oppenheimer_%28film%29,2024_Oppenheimer.jpg,https://upload.wikimedia.org/wikipedia/en/4/4a/Oppenheimer_%28film%29.jpg?utm_source=en.wikipedia.org&utm_campaign=imageinfo&utm_content=original
2025,Anora,https://en.wikipedia.org/wiki/Anora,2025_Anora.jpg,https://upload.wikimedia.org/wikipedia/en/2/2b/Anora_%282024_film%29_poster.jpg?utm_source=en.wikipedia.org&utm_campaign=imageinfo&utm_content=original
2026,One Battle After Another,https://en.wikipedia.org/wiki/One_Battle_After_Another,2026_One_Battle_After_Another.jpg,https://upload.wikimedia.org/wikipedia/en/5/5d/One_Battle_After_Another.jpg?utm_source=en.wikipedia.org&utm_campaign=imageinfo&utm_content=original
